title,price,rating,image,description,url
,,,,,https://www.amazon.com/SAMSUNG-Unlocked-Smartphone-Expandable-Security/dp/B0CNQCZHFS/ref=sr_1_1?dib=eyJ2IjoiMSJ9.bj-pLvgsapm-ePaztIFmaBffXUPBaEoiaxuaas1RY5zgvhJQfnCbp4JXWXYKtacoL_47IHdYfseXhmaQnBVmTTc1_g2bMK15OI4YEsbzZStk4Pe4Z_WnIzO9YWtEH1Ja4SPKZisMPSbyvDf0fvyaJTbUC0b2urmanhZnAPq9G3EbPHcPDueMlVbxMjuwpsPX_-ST54l1rIxgop_FdaFRHJd2_R000FVlTvFTlOfa1hw.O_UCArwmsQ_9PytZQwXM_e2emhfoKXikFGMdnq7FZCA&dib_tag=se&keywords=phones&qid=1722676362&sr=8-1
"Motorola Moto G Stylus 5G | 2023 | Unlocked | Made for US 6/256GB | 50 MPCamera | Cosmic Black, 162.83x73.77x9.29",Page 1 of 1,4.2 ,https://m.media-amazon.com/images/I/61O66kJiiGL._AC_SX679_.jpg,,https://www.amazon.com/Motorola-Stylus-Unlocked-MPCamera-Cosmic/dp/B0C2S6TKTL/ref=sr_1_2?dib=eyJ2IjoiMSJ9.bj-pLvgsapm-ePaztIFmaBffXUPBaEoiaxuaas1RY5zgvhJQfnCbp4JXWXYKtacoL_47IHdYfseXhmaQnBVmTTc1_g2bMK15OI4YEsbzZStk4Pe4Z_WnIzO9YWtEH1Ja4SPKZisMPSbyvDf0fvyaJTbUC0b2urmanhZnAPq9G3EbPHcPDueMlVbxMjuwpsPX_-ST54l1rIxgop_FdaFRHJd2_R000FVlTvFTlOfa1hw.O_UCArwmsQ_9PytZQwXM_e2emhfoKXikFGMdnq7FZCA&dib_tag=se&keywords=phones&qid=1722676362&sr=8-2
"SAMSUNG Galaxy S24 Cell Phone, 256GB AI Smartphone, Unlocked Android, 50MP Camera, Fastest Processor, Long Battery Life, US Version, 2024, Onyx Black",$579.99,4.3 ,https://m.media-amazon.com/images/I/71Ua9NgQgWL._AC_SX679_.jpg,,https://www.amazon.com/SAMSUNG-Smartphone-Unlocked-Android-Processor/dp/B0CMDTFNGM/ref=sr_1_3?dib=eyJ2IjoiMSJ9.bj-pLvgsapm-ePaztIFmaBffXUPBaEoiaxuaas1RY5zgvhJQfnCbp4JXWXYKtacoL_47IHdYfseXhmaQnBVmTTc1_g2bMK15OI4YEsbzZStk4Pe4Z_WnIzO9YWtEH1Ja4SPKZisMPSbyvDf0fvyaJTbUC0b2urmanhZnAPq9G3EbPHcPDueMlVbxMjuwpsPX_-ST54l1rIxgop_FdaFRHJd2_R000FVlTvFTlOfa1hw.O_UCArwmsQ_9PytZQwXM_e2emhfoKXikFGMdnq7FZCA&dib_tag=se&keywords=phones&qid=1722676362&sr=8-3
,,,,,https://www.amazon.com/AT-BL102-2-2-Handset-Answering-Unsurpassed/dp/B086QB7WZ1/ref=sr_1_4?dib=eyJ2IjoiMSJ9.bj-pLvgsapm-ePaztIFmaBffXUPBaEoiaxuaas1RY5zgvhJQfnCbp4JXWXYKtacoL_47IHdYfseXhmaQnBVmTTc1_g2bMK15OI4YEsbzZStk4Pe4Z_WnIzO9YWtEH1Ja4SPKZisMPSbyvDf0fvyaJTbUC0b2urmanhZnAPq9G3EbPHcPDueMlVbxMjuwpsPX_-ST54l1rIxgop_FdaFRHJd2_R000FVlTvFTlOfa1hw.O_UCArwmsQ_9PytZQwXM_e2emhfoKXikFGMdnq7FZCA&dib_tag=se&keywords=phones&qid=1722676362&sr=8-4
,,,,,https://www.amazon.com/battery-Unlocked-Motorola-Camera-Indigo/dp/B09BTB5MKT/ref=sr_1_5?dib=eyJ2IjoiMSJ9.bj-pLvgsapm-ePaztIFmaBffXUPBaEoiaxuaas1RY5zgvhJQfnCbp4JXWXYKtacoL_47IHdYfseXhmaQnBVmTTc1_g2bMK15OI4YEsbzZStk4Pe4Z_WnIzO9YWtEH1Ja4SPKZisMPSbyvDf0fvyaJTbUC0b2urmanhZnAPq9G3EbPHcPDueMlVbxMjuwpsPX_-ST54l1rIxgop_FdaFRHJd2_R000FVlTvFTlOfa1hw.O_UCArwmsQ_9PytZQwXM_e2emhfoKXikFGMdnq7FZCA&dib_tag=se&keywords=phones&qid=1722676362&sr=8-5
,,,,,https://www.amazon.com/Google-Pixel-Unlocked-Smartphone-Advanced/dp/B0CGT6RLT7/ref=sr_1_6?dib=eyJ2IjoiMSJ9.bj-pLvgsapm-ePaztIFmaBffXUPBaEoiaxuaas1RY5zgvhJQfnCbp4JXWXYKtacoL_47IHdYfseXhmaQnBVmTTc1_g2bMK15OI4YEsbzZStk4Pe4Z_WnIzO9YWtEH1Ja4SPKZisMPSbyvDf0fvyaJTbUC0b2urmanhZnAPq9G3EbPHcPDueMlVbxMjuwpsPX_-ST54l1rIxgop_FdaFRHJd2_R000FVlTvFTlOfa1hw.O_UCArwmsQ_9PytZQwXM_e2emhfoKXikFGMdnq7FZCA&dib_tag=se&keywords=phones&qid=1722676362&sr=8-6
,,,,,https://www.amazon.com/Motorola-Unlocked-Camera-Cherry-Blossom/dp/B0CGWHHC69/ref=sr_1_7?dib=eyJ2IjoiMSJ9.bj-pLvgsapm-ePaztIFmaBffXUPBaEoiaxuaas1RY5zgvhJQfnCbp4JXWXYKtacoL_47IHdYfseXhmaQnBVmTTc1_g2bMK15OI4YEsbzZStk4Pe4Z_WnIzO9YWtEH1Ja4SPKZisMPSbyvDf0fvyaJTbUC0b2urmanhZnAPq9G3EbPHcPDueMlVbxMjuwpsPX_-ST54l1rIxgop_FdaFRHJd2_R000FVlTvFTlOfa1hw.O_UCArwmsQ_9PytZQwXM_e2emhfoKXikFGMdnq7FZCA&dib_tag=se&keywords=phones&qid=1722676362&sr=8-7
,,,,,https://www.amazon.com/Panasonic-Link2Cell-Bluetooth-Recording-Answering/dp/B0BTFHM2GZ/ref=sr_1_8?dib=eyJ2IjoiMSJ9.bj-pLvgsapm-ePaztIFmaBffXUPBaEoiaxuaas1RY5zgvhJQfnCbp4JXWXYKtacoL_47IHdYfseXhmaQnBVmTTc1_g2bMK15OI4YEsbzZStk4Pe4Z_WnIzO9YWtEH1Ja4SPKZisMPSbyvDf0fvyaJTbUC0b2urmanhZnAPq9G3EbPHcPDueMlVbxMjuwpsPX_-ST54l1rIxgop_FdaFRHJd2_R000FVlTvFTlOfa1hw.O_UCArwmsQ_9PytZQwXM_e2emhfoKXikFGMdnq7FZCA&dib_tag=se&keywords=phones&qid=1722676362&sr=8-8
,,,,,https://www.amazon.com/Motorola-Battery-Unlocked-Camera-Mineral/dp/B0CD2YV1WZ/ref=sr_1_9?dib=eyJ2IjoiMSJ9.bj-pLvgsapm-ePaztIFmaBffXUPBaEoiaxuaas1RY5zgvhJQfnCbp4JXWXYKtacoL_47IHdYfseXhmaQnBVmTTc1_g2bMK15OI4YEsbzZStk4Pe4Z_WnIzO9YWtEH1Ja4SPKZisMPSbyvDf0fvyaJTbUC0b2urmanhZnAPq9G3EbPHcPDueMlVbxMjuwpsPX_-ST54l1rIxgop_FdaFRHJd2_R000FVlTvFTlOfa1hw.O_UCArwmsQ_9PytZQwXM_e2emhfoKXikFGMdnq7FZCA&dib_tag=se&keywords=phones&qid=1722676362&sr=8-9
,,,,,https://www.amazon.com/SAMSUNG-Unlocked-Smartphone-Advanced-Expandable/dp/B0CN1Q2X3B/ref=sr_1_10?dib=eyJ2IjoiMSJ9.bj-pLvgsapm-ePaztIFmaBffXUPBaEoiaxuaas1RY5zgvhJQfnCbp4JXWXYKtacoL_47IHdYfseXhmaQnBVmTTc1_g2bMK15OI4YEsbzZStk4Pe4Z_WnIzO9YWtEH1Ja4SPKZisMPSbyvDf0fvyaJTbUC0b2urmanhZnAPq9G3EbPHcPDueMlVbxMjuwpsPX_-ST54l1rIxgop_FdaFRHJd2_R000FVlTvFTlOfa1hw.O_UCArwmsQ_9PytZQwXM_e2emhfoKXikFGMdnq7FZCA&dib_tag=se&keywords=phones&qid=1722676362&sr=8-10
Moto G Play | 2024 | Unlocked | Made for US 4/64GB | 50MP Camera | Sapphire Blue,$87.99,4.1 ,https://m.media-amazon.com/images/I/61xk4XNRktL._AC_SX679_.jpg,,https://www.amazon.com/Moto-Play-Unlocked-Camera-Sapphire/dp/B0CP6DDN1H/ref=sr_1_11?dib=eyJ2IjoiMSJ9.bj-pLvgsapm-ePaztIFmaBffXUPBaEoiaxuaas1RY5zgvhJQfnCbp4JXWXYKtacoL_47IHdYfseXhmaQnBVmTTc1_g2bMK15OI4YEsbzZStk4Pe4Z_WnIzO9YWtEH1Ja4SPKZisMPSbyvDf0fvyaJTbUC0b2urmanhZnAPq9G3EbPHcPDueMlVbxMjuwpsPX_-ST54l1rIxgop_FdaFRHJd2_R000FVlTvFTlOfa1hw.O_UCArwmsQ_9PytZQwXM_e2emhfoKXikFGMdnq7FZCA&dib_tag=se&keywords=phones&qid=1722676362&sr=8-11
,,,,,https://www.amazon.com/Panasonic-Answering-Bilingual-High-Contrast-Expandable/dp/B0BZFXBS38/ref=sr_1_12?dib=eyJ2IjoiMSJ9.bj-pLvgsapm-ePaztIFmaBffXUPBaEoiaxuaas1RY5zgvhJQfnCbp4JXWXYKtacoL_47IHdYfseXhmaQnBVmTTc1_g2bMK15OI4YEsbzZStk4Pe4Z_WnIzO9YWtEH1Ja4SPKZisMPSbyvDf0fvyaJTbUC0b2urmanhZnAPq9G3EbPHcPDueMlVbxMjuwpsPX_-ST54l1rIxgop_FdaFRHJd2_R000FVlTvFTlOfa1hw.O_UCArwmsQ_9PytZQwXM_e2emhfoKXikFGMdnq7FZCA&dib_tag=se&keywords=phones&qid=1722676362&sr=8-12
,,,,,https://www.amazon.com/OnePlus-Dual-SIM-Unlocked-Smartphone-Charging/dp/B0CQ9WLBFF/ref=sr_1_13?dib=eyJ2IjoiMSJ9.bj-pLvgsapm-ePaztIFmaBffXUPBaEoiaxuaas1RY5zgvhJQfnCbp4JXWXYKtacoL_47IHdYfseXhmaQnBVmTTc1_g2bMK15OI4YEsbzZStk4Pe4Z_WnIzO9YWtEH1Ja4SPKZisMPSbyvDf0fvyaJTbUC0b2urmanhZnAPq9G3EbPHcPDueMlVbxMjuwpsPX_-ST54l1rIxgop_FdaFRHJd2_R000FVlTvFTlOfa1hw.O_UCArwmsQ_9PytZQwXM_e2emhfoKXikFGMdnq7FZCA&dib_tag=se&keywords=phones&qid=1722676362&sr=8-13
,,,,,https://www.amazon.com/VTech-CS6719-2-2-Handset-Expandable-Cordless/dp/B00FRSYS12/ref=sr_1_14?dib=eyJ2IjoiMSJ9.bj-pLvgsapm-ePaztIFmaBffXUPBaEoiaxuaas1RY5zgvhJQfnCbp4JXWXYKtacoL_47IHdYfseXhmaQnBVmTTc1_g2bMK15OI4YEsbzZStk4Pe4Z_WnIzO9YWtEH1Ja4SPKZisMPSbyvDf0fvyaJTbUC0b2urmanhZnAPq9G3EbPHcPDueMlVbxMjuwpsPX_-ST54l1rIxgop_FdaFRHJd2_R000FVlTvFTlOfa1hw.O_UCArwmsQ_9PytZQwXM_e2emhfoKXikFGMdnq7FZCA&dib_tag=se&keywords=phones&qid=1722676362&sr=8-14
,,,,,https://www.amazon.com/SAMSUNG-Unlocked-Android-Smartphone-Processor/dp/B0CRPQ8W8X/ref=sr_1_15?dib=eyJ2IjoiMSJ9.bj-pLvgsapm-ePaztIFmaBffXUPBaEoiaxuaas1RY5zgvhJQfnCbp4JXWXYKtacoL_47IHdYfseXhmaQnBVmTTc1_g2bMK15OI4YEsbzZStk4Pe4Z_WnIzO9YWtEH1Ja4SPKZisMPSbyvDf0fvyaJTbUC0b2urmanhZnAPq9G3EbPHcPDueMlVbxMjuwpsPX_-ST54l1rIxgop_FdaFRHJd2_R000FVlTvFTlOfa1hw.O_UCArwmsQ_9PytZQwXM_e2emhfoKXikFGMdnq7FZCA&dib_tag=se&keywords=phones&qid=1722676362&sr=8-15
,,,,,https://www.amazon.com/Motorola-Unlocked-128GB-MPCamera-163-94x74-98x8-39/dp/B0C2SWQBMB/ref=sr_1_16?dib=eyJ2IjoiMSJ9.bj-pLvgsapm-ePaztIFmaBffXUPBaEoiaxuaas1RY5zgvhJQfnCbp4JXWXYKtacoL_47IHdYfseXhmaQnBVmTTc1_g2bMK15OI4YEsbzZStk4Pe4Z_WnIzO9YWtEH1Ja4SPKZisMPSbyvDf0fvyaJTbUC0b2urmanhZnAPq9G3EbPHcPDueMlVbxMjuwpsPX_-ST54l1rIxgop_FdaFRHJd2_R000FVlTvFTlOfa1hw.O_UCArwmsQ_9PytZQwXM_e2emhfoKXikFGMdnq7FZCA&dib_tag=se&keywords=phones&qid=1722676362&sr=8-16
